{"Loss": 0.27992570400238037, "_timestamp": 1707291719.219515, "_runtime": 121.56838011741638, "_step": 519, "_wandb": {"runtime": 120}}