{"Test Accuracy": 0.23346153846153847, "_timestamp": 1707216614.136706, "_runtime": 22.436865091323853, "_step": 0, "_wandb": {"runtime": 21}}