{"Test Accuracy": 0.625, "_timestamp": 1707288494.9289987, "_runtime": 12.269323825836182, "_step": 29, "_wandb": {"runtime": 8}}