{"Test Accuracy": 0.7146153846153847, "_timestamp": 1707216791.6610148, "_runtime": 21.852582693099976, "_step": 0, "_wandb": {"runtime": 20}}