{"Loss": 0.22509294748306274, "_timestamp": 1707291452.219337, "_runtime": 74.97454309463501, "_step": 324, "_wandb": {"runtime": 73}}