{"Loss": 0.19987481832504272, "_timestamp": 1707292011.7449534, "_runtime": 275.746844291687, "_step": 1197, "_wandb": {"runtime": 274}}