{"Test Accuracy": 0.125, "_timestamp": 1707290579.6476657, "_runtime": 22.026331663131714, "_step": 81, "_wandb": {"runtime": 20}}