{"Loss": 0.3927568793296814, "_timestamp": 1707291055.9415302, "_runtime": 37.329941272735596, "_step": 148, "_wandb": {"runtime": 36}}