{"Loss": 0.24712038040161133, "_timestamp": 1707292280.948587, "_runtime": 102.56778001785278, "_step": 447, "_wandb": {"runtime": 101}}