{"Loss": 0.257935106754303, "_timestamp": 1707292122.4505177, "_runtime": 76.62302470207214, "_step": 324, "_wandb": {"runtime": 75}}