{"Test Accuracy": 0.75, "_timestamp": 1707290626.8213656, "_runtime": 21.8117356300354, "_step": 81, "_wandb": {"runtime": 20}}