{"Loss": 0.16352954506874084, "_timestamp": 1707290421.5685942, "_runtime": 776.2887442111969, "_step": 3440, "_wandb": {"runtime": 775}}