{"Loss": 0.6398017406463623, "_timestamp": 1707287531.162526, "_runtime": 4.255147933959961, "_step": 5, "_wandb": {"runtime": 3}}