{"Loss": 0.06952784210443497, "_timestamp": 1707293586.8063414, "_runtime": 991.8413143157959, "_step": 4416, "_wandb": {"runtime": 990}}