{"Loss": 0.016637062653899193, "_timestamp": 1707294243.2840629, "_runtime": 633.5434288978577, "_step": 2755, "_wandb": {"runtime": 632}}