{"Loss": 0.2640383243560791, "_timestamp": 1707291302.9440346, "_runtime": 89.48269248008728, "_step": 373, "_wandb": {"runtime": 87}}