{"Loss": 0.5503718852996826, "_timestamp": 1707287365.8466716, "_runtime": 5.6208415031433105, "_step": 11, "_wandb": {"runtime": 4}}