{"Loss": 0.0829191729426384, "_timestamp": 1707292570.725013, "_runtime": 183.5347399711609, "_step": 807, "_wandb": {"runtime": 182}}