{"Test Accuracy": 0.25, "_timestamp": 1707290517.9366312, "_runtime": 21.662293195724487, "_step": 81, "_wandb": {"runtime": 20}}